<?xml version="1.0" encoding="UTF-8"?>
<beans xmlns="http://www.springframework.org/schema/beans"
       xmlns:xsi="http://www.w3.org/2001/XMLSchema-instance"
       xsi:schemaLocation="http://www.springframework.org/schema/beans http://www.springframework.org/schema/beans/spring-beans-2.0.xsd">

	<!-- the MySQL DataSource (parameterized for configuration via a PropertyPlaceHolderConfigurer) -->
	<bean id="mysqlDataSource" destroy-method="close" class="org.apache.commons.dbcp.BasicDataSource">
		<property name="driverClassName" value="com.mysql.jdbc.Driver"/>
		<property name="url" value="jdbc:mysql://localhost:3306/jwebsocket"/>
		<!--
		<property name="url" value="jdbc:mysql://localhost:3306/ria-db"/>
		<property name="username" value="jwsSys"/>
		<property name="password" value="sys_password"/>
		-->
		<property name="username" value="root"/>
		<property name="password" value="root"/>
	</bean>
	
    <!-- the Oracle DataSource (parameterized for configuration via a PropertyPlaceHolderConfigurer) -->
	<bean id="oracleDataSource" destroy-method="close" class="org.apache.commons.dbcp.BasicDataSource">
		<property name="driverClassName" value="oracle.jdbc.driver.OracleDriver"/>
		<property name="url" value="jdbc:oracle:thin:@localhost:1521:ORCL"/>
		<property name="username" value="username"/>
		<property name="password" value="password"/>
	</bean>

	<bean id="nativeAccess" class="org.jwebsocket.plugins.jdbc.NativeAccess">
		<!-- here you can select which datasource to use 
			 for the native JDBC access component (field "ref") -->
		<property name="dataSource" ref="mysqlDataSource"/>
		
		<!-- MySql command to retrieve a sequence value -->
		<property name="selectSequenceSQL" value="select getSequence('${sequence}')"/>
		<!-- MySql command to call a function -->
		<property name="execFunctionSQL" value="select ${funcname}(${args})"/>
		<!-- MySql command to execute a stored procedure -->
		<property name="execStoredProcSQL" value="call ${procname}(${args})"/>
		
		<!-- Oracle command to retrieve a sequence value -->
		<!-- <property name="selectSequenceSQL" value="select &quot;${sequence}&quot;.NEXTVAL FROM DUAL"/> -->
		<!-- Oracle  command to call a function -->
		<!-- <property name="execFunctionSQL" value="select ${funcname}(${args})"/> -->
		<!-- Oracle  command to execute a stored procedure -->
		<!-- <property name="execStoredProcSQL" value="call ${procname}(${args})"/> -->
	
	</bean>

</beans>